Request Number,Status Code,Rate Limit Exceeded
1,200,No
2,200,No
3,200,No
4,200,No
5,200,No
6,200,No
7,200,No
9,200,No
8,200,No
10,200,No
11,200,No
13,200,No
14,200,No
12,200,No
16,200,No
15,200,No
18,200,No
17,200,No
19,200,No
21,200,No
20,200,No
22,200,No
23,503,Yes
26,503,Yes
24,200,No
25,200,No
27,200,No
28,503,Yes
29,200,No
30,503,Yes
31,200,No
33,503,Yes
32,200,No
34,200,No
36,503,Yes
35,503,Yes
37,200,No
39,503,Yes
38,200,No
40,200,No
41,503,Yes
42,200,No
43,503,Yes
45,200,No
44,200,No
46,503,Yes
47,503,Yes
49,503,Yes
48,200,No
51,503,Yes
50,200,No
52,200,No
54,503,Yes
53,200,No
56,503,Yes
55,200,No
57,200,No
59,503,Yes
61,503,Yes
58,200,No
60,200,No
62,200,No
63,503,Yes
64,200,No
65,200,No
66,503,Yes
67,503,Yes
68,200,No
70,503,Yes
69,200,No
72,503,Yes
74,503,Yes
71,200,No
73,200,No
76,503,Yes
78,503,Yes
75,200,No
77,200,No
80,503,Yes
79,200,No
81,503,Yes
82,200,No
83,200,No
86,503,Yes
88,503,Yes
87,503,Yes
85,200,No
84,200,No
91,503,Yes
90,200,No
89,200,No
94,503,Yes
95,503,Yes
92,200,No
93,200,No
96,200,No
97,200,No
98,503,Yes
100,503,Yes
102,503,Yes
99,200,No
101,200,No
103,200,No
105,200,No
104,200,No
106,503,Yes
107,503,Yes
109,503,Yes
108,200,No
111,200,No
110,200,No
112,503,Yes
113,503,Yes
114,200,No
115,200,No
117,503,Yes
116,200,No
118,503,Yes
119,200,No
120,503,Yes
121,200,No
122,503,Yes
123,200,No
124,200,No
125,503,Yes
126,200,No
127,503,Yes
128,200,No
129,200,No
130,503,Yes
132,503,Yes
134,503,Yes
135,503,Yes
131,200,No
133,200,No
138,503,Yes
136,200,No
137,200,No
140,503,Yes
139,200,No
141,200,No
142,200,No
143,503,Yes
145,503,Yes
147,503,Yes
144,200,No
146,200,No
148,200,No
149,200,No
150,503,Yes
153,503,Yes
154,503,Yes
152,200,No
151,200,No
155,200,No
157,503,Yes
156,200,No
158,200,No
160,503,Yes
159,200,No
162,503,Yes
161,200,No
165,503,Yes
166,503,Yes
163,200,No
164,200,No
167,200,No
168,200,No
169,503,Yes
170,503,Yes
171,200,No
174,503,Yes
172,200,No
175,503,Yes
173,200,No
176,200,No
178,503,Yes
177,200,No
181,503,Yes
182,503,Yes
179,200,No
180,200,No
185,503,Yes
183,200,No
184,200,No
186,200,No
187,200,No
188,200,No
189,503,Yes
190,200,No
192,503,Yes
193,503,Yes
191,200,No
194,200,No
195,503,Yes
196,503,Yes
199,503,Yes
197,200,No
198,200,No
200,200,No
201,200,No
202,200,No
203,503,Yes
204,503,Yes
206,503,Yes
205,200,No
208,200,No
207,200,No
209,200,No
210,503,Yes
212,503,Yes
214,503,Yes
211,200,No
213,200,No
215,200,No
216,200,No
219,503,Yes
218,200,No
217,200,No
220,200,No
221,200,No
223,200,No
222,200,No
224,503,Yes
225,503,Yes
226,200,No
227,503,Yes
228,200,No
229,200,No
230,503,Yes
231,503,Yes
232,200,No
233,503,Yes
234,200,No
235,200,No
237,503,Yes
236,200,No
239,503,Yes
238,200,No
240,200,No
242,503,Yes
241,200,No
244,503,Yes
243,200,No
245,503,Yes
246,200,No
247,503,Yes
248,200,No
249,200,No
250,200,No
251,200,No
252,200,No
253,200,No
255,503,Yes
256,503,Yes
257,200,No
258,503,Yes
259,200,No
260,200,No
261,200,No
262,503,Yes
263,200,No
265,503,Yes
264,200,No
267,503,Yes
266,200,No
268,200,No
269,200,No
271,503,Yes
270,200,No
272,503,Yes
273,503,Yes
275,503,Yes
274,200,No
276,200,No
277,200,No
278,200,No
279,503,Yes
281,503,Yes
280,200,No
283,200,No
282,200,No
285,503,Yes
284,503,Yes
289,503,Yes
286,200,No
290,503,Yes
288,200,No
287,200,No
291,200,No
295,503,Yes
292,200,No
296,503,Yes
293,200,No
294,200,No
297,503,Yes
298,200,No
299,200,No
300,200,No
302,503,Yes
305,503,Yes
301,200,No
304,200,No
303,200,No
307,503,Yes
306,200,No
308,200,No
310,200,No
309,200,No
311,503,Yes
313,503,Yes
314,200,No
317,503,Yes
312,200,No
315,200,No
316,200,No
319,503,Yes
320,503,Yes
318,200,No
321,200,No
322,200,No
323,503,Yes
324,200,No
325,503,Yes
326,200,No
329,503,Yes
328,200,No
327,200,No
330,503,Yes
332,200,No
333,503,Yes
331,200,No
334,200,No
336,503,Yes
335,200,No
337,503,Yes
338,200,No
339,200,No
340,200,No
342,503,Yes
341,200,No
345,503,Yes
343,200,No
344,200,No
347,503,Yes
348,503,Yes
346,200,No
350,200,No
349,503,Yes
351,200,No
353,200,No
352,200,No
354,503,Yes
355,503,Yes
356,200,No
358,200,No
357,200,No
359,503,Yes
360,503,Yes
361,200,No
363,503,Yes
362,200,No
366,503,Yes
364,200,No
365,200,No
367,200,No
369,503,Yes
371,503,Yes
370,200,No
368,200,No
372,200,No
373,503,Yes
374,503,Yes
376,200,No
375,200,No
379,503,Yes
380,503,Yes
378,200,No
377,200,No
381,200,No
382,200,No
383,503,Yes
384,503,Yes
387,503,Yes
385,200,No
386,200,No
390,503,Yes
388,200,No
389,200,No
391,200,No
393,503,Yes
392,200,No
395,503,Yes
394,200,No
396,200,No
397,200,No
398,503,Yes
399,200,No
401,200,No
400,200,No
403,503,Yes
402,503,Yes
404,200,No
405,200,No
406,503,Yes
408,503,Yes
407,200,No
409,200,No
411,503,Yes
410,200,No
413,503,Yes
412,200,No
415,503,Yes
414,200,No
416,200,No
418,503,Yes
417,200,No
419,503,Yes
422,503,Yes
421,200,No
420,200,No
423,200,No
424,200,No
425,503,Yes
426,503,Yes
427,200,No
428,200,No
429,200,No
430,503,Yes
431,200,No
432,503,Yes
433,200,No
436,503,Yes
435,200,No
434,200,No
439,503,Yes
440,503,Yes
438,200,No
437,200,No
443,503,Yes
441,200,No
442,200,No
445,503,Yes
444,200,No
448,503,Yes
449,503,Yes
446,200,No
447,200,No
450,200,No
452,503,Yes
451,200,No
453,200,No
455,503,Yes
454,200,No
456,503,Yes
459,503,Yes
457,200,No
458,200,No
462,503,Yes
461,200,No
460,200,No
465,503,Yes
463,200,No
464,200,No
466,503,Yes
467,200,No
468,200,No
470,503,Yes
471,503,Yes
469,200,No
474,503,Yes
473,200,No
472,200,No
475,200,No
476,200,No
477,200,No
478,503,Yes
479,503,Yes
480,200,No
481,200,No
482,503,Yes
483,200,No
484,503,Yes
485,200,No
486,200,No
487,200,No
489,503,Yes
488,200,No
490,503,Yes
491,200,No
492,200,No
493,200,No
494,503,Yes
496,503,Yes
495,200,No
498,503,Yes
497,200,No
500,503,Yes
499,200,No
503,503,Yes
502,200,No
501,200,No
504,200,No
505,200,No
506,503,Yes
507,200,No
508,200,No
509,503,Yes
511,503,Yes
510,200,No
512,503,Yes
514,503,Yes
513,200,No
515,200,No
516,200,No
518,503,Yes
517,200,No
519,503,Yes
522,503,Yes
520,200,No
521,200,No
525,503,Yes
524,200,No
523,200,No
526,503,Yes
528,503,Yes
530,503,Yes
527,200,No
529,200,No
532,200,No
531,200,No
533,200,No
534,503,Yes
536,503,Yes
535,200,No
538,503,Yes
537,200,No
539,200,No
540,200,No
542,503,Yes
541,200,No
543,503,Yes
544,200,No
545,503,Yes
546,200,No
547,200,No
548,200,No
550,503,Yes
549,200,No
551,200,No
552,503,Yes
554,503,Yes
553,200,No
555,200,No
556,200,No
557,200,No
559,503,Yes
558,503,Yes
563,503,Yes
562,503,Yes
561,200,No
560,200,No
564,200,No
567,503,Yes
565,200,No
566,200,No
569,503,Yes
571,503,Yes
568,200,No
570,200,No
573,503,Yes
572,200,No
574,200,No
576,200,No
577,503,Yes
575,200,No
581,503,Yes
580,503,Yes
578,200,No
579,200,No
582,200,No
583,503,Yes
585,503,Yes
584,200,No
586,200,No
589,503,Yes
590,503,Yes
588,200,No
587,200,No
593,503,Yes
594,503,Yes
591,200,No
592,200,No
595,200,No
598,503,Yes
596,200,No
600,503,Yes
597,200,No
599,200,No
601,200,No
603,503,Yes
602,200,No
604,200,No
605,200,No
606,503,Yes
607,503,Yes
608,200,No
609,200,No
610,200,No
611,200,No
612,503,Yes
613,200,No
615,503,Yes
614,200,No
616,503,Yes
617,200,No
619,503,Yes
618,200,No
620,200,No
623,503,Yes
621,200,No
622,200,No
624,200,No
625,200,No
626,200,No
627,503,Yes
628,200,No
631,503,Yes
630,200,No
629,200,No
632,503,Yes
633,200,No
634,200,No
635,200,No
636,503,Yes
638,503,Yes
637,200,No
640,503,Yes
639,200,No
643,503,Yes
641,200,No
642,200,No
644,200,No
649,503,Yes
645,200,No
646,200,No
647,200,No
650,503,Yes
648,200,No
653,503,Yes
651,200,No
652,200,No
655,503,Yes
654,200,No
658,503,Yes
656,200,No
657,200,No
660,503,Yes
659,200,No
661,200,No
662,503,Yes
663,200,No
664,200,No
666,503,Yes
665,200,No
669,503,Yes
670,503,Yes
667,200,No
668,200,No
671,200,No
672,503,Yes
674,503,Yes
673,200,No
675,200,No
676,200,No
677,503,Yes
680,503,Yes
678,200,No
679,200,No
682,200,No
681,200,No
683,503,Yes
684,200,No
685,503,Yes
686,200,No
687,200,No
689,503,Yes
688,200,No
691,503,Yes
690,200,No
692,200,No
694,503,Yes
693,200,No
695,200,No
697,503,Yes
696,503,Yes
698,200,No
699,200,No
700,200,No
701,503,Yes
703,503,Yes
705,503,Yes
702,200,No
704,200,No
707,503,Yes
706,200,No
708,200,No
711,503,Yes
709,200,No
710,200,No
712,200,No
713,503,Yes
716,503,Yes
714,200,No
718,503,Yes
715,200,No
719,503,Yes
717,200,No
720,200,No
721,200,No
722,200,No
723,503,Yes
725,503,Yes
727,503,Yes
724,200,No
726,200,No
729,200,No
728,200,No
731,503,Yes
730,503,Yes
732,200,No
735,503,Yes
736,503,Yes
733,200,No
734,200,No
737,200,No
738,200,No
741,503,Yes
739,200,No
740,200,No
743,503,Yes
742,200,No
744,200,No
745,200,No
746,503,Yes
747,503,Yes
748,200,No
750,503,Yes
749,200,No
752,503,Yes
751,200,No
753,200,No
754,200,No
755,503,Yes
756,200,No
757,200,No
758,503,Yes
760,503,Yes
759,200,No
761,503,Yes
762,200,No
763,200,No
764,200,No
765,503,Yes
767,503,Yes
766,200,No
768,503,Yes
769,200,No
770,200,No
772,503,Yes
771,200,No
773,503,Yes
774,200,No
775,200,No
777,503,Yes
776,200,No
779,503,Yes
778,200,No
780,200,No
782,503,Yes
781,200,No
784,503,Yes
783,200,No
785,503,Yes
786,200,No
787,200,No
788,200,No
789,503,Yes
791,503,Yes
790,200,No
794,503,Yes
793,200,No
792,200,No
795,200,No
797,503,Yes
796,200,No
798,200,No
800,503,Yes
799,200,No
802,503,Yes
801,200,No
803,503,Yes
805,200,No
804,200,No
807,503,Yes
806,200,No
809,503,Yes
808,200,No
810,200,No
812,503,Yes
811,200,No
813,200,No
816,503,Yes
814,200,No
815,200,No
818,200,No
817,503,Yes
820,503,Yes
819,200,No
821,503,Yes
822,200,No
824,200,No
826,503,Yes
823,200,No
825,200,No
827,200,No
828,503,Yes
830,503,Yes
831,503,Yes
829,200,No
832,200,No
833,200,No
834,200,No
835,503,Yes
836,503,Yes
837,200,No
838,200,No
839,200,No
840,503,Yes
842,503,Yes
841,200,No
843,503,Yes
844,200,No
845,200,No
847,503,Yes
846,200,No
848,200,No
849,503,Yes
850,503,Yes
853,503,Yes
852,200,No
851,200,No
854,200,No
855,200,No
856,503,Yes
857,200,No
858,503,Yes
859,200,No
861,503,Yes
860,200,No
862,200,No
865,503,Yes
864,503,Yes
863,200,No
867,503,Yes
866,200,No
868,200,No
870,200,No
869,200,No
872,503,Yes
871,200,No
873,503,Yes
874,503,Yes
875,200,No
876,200,No
877,200,No
878,503,Yes
880,503,Yes
882,503,Yes
879,200,No
881,200,No
883,200,No
884,503,Yes
886,200,No
885,200,No
887,503,Yes
888,200,No
890,503,Yes
889,200,No
891,503,Yes
892,200,No
893,200,No
895,503,Yes
894,200,No
897,503,Yes
896,200,No
898,503,Yes
899,200,No
900,200,No
901,200,No
903,503,Yes
902,503,Yes
904,200,No
905,200,No
907,503,Yes
906,200,No
908,503,Yes
909,200,No
910,200,No
911,200,No
912,200,No
914,503,Yes
913,200,No
916,200,No
915,200,No
918,503,Yes
919,503,Yes
917,200,No
923,503,Yes
920,200,No
922,200,No
921,200,No
924,200,No
925,503,Yes
926,200,No
928,503,Yes
927,200,No
930,503,Yes
931,503,Yes
929,200,No
932,200,No
933,200,No
935,503,Yes
936,503,Yes
934,200,No
937,200,No
940,503,Yes
939,200,No
938,200,No
941,503,Yes
943,503,Yes
942,200,No
944,200,No
945,200,No
946,503,Yes
947,200,No
950,503,Yes
949,503,Yes
948,200,No
951,200,No
952,200,No
954,503,Yes
953,200,No
955,503,Yes
956,200,No
957,200,No
958,503,Yes
959,200,No
961,503,Yes
962,503,Yes
960,200,No
963,200,No
965,200,No
964,200,No
966,503,Yes
967,200,No
968,200,No
970,503,Yes
971,503,Yes
969,200,No
972,503,Yes
973,200,No
974,200,No
976,503,Yes
975,200,No
978,503,Yes
977,200,No
979,200,No
982,503,Yes
981,200,No
980,200,No
984,503,Yes
983,503,Yes
985,200,No
986,200,No
988,503,Yes
987,200,No
990,503,Yes
991,503,Yes
989,200,No
992,200,No
993,200,No
994,200,No
995,200,No
996,200,No
998,503,Yes
999,503,Yes
997,200,No
1000,200,No
